MergedBGC,Source,SS_NoSpace,SSprob,SSCurrent,FuturePeriod,SiteNo
BWBSmw,BECv10,BWBSmw/101,0.000664251,SBSmc2/01,2025,7
CWHds2,BECv10,CWHds2/01,0.00017567,SBSmc2/01,2025,7
CWHds2,BECv10,CWHds2/05,6.59E-05,SBSmc2/01,2025,7
CWHwm,BECv10,CWHwm/01,0.000232256,SBSmc2/01,2025,7
CWHwm,BECv10,CWHwm/03,6.97E-05,SBSmc2/01,2025,7
CWHws1,BECv10,CWHws1/01,0.00145934,SBSmc2/01,2025,7
CWHws1,BECv10,CWHws1/04,0.000291868,SBSmc2/01,2025,7
CWHws2,BECv10,CWHws2/01,0.064251208,SBSmc2/01,2025,7
CWHws2,BECv10,CWHws2/04,0.024094203,SBSmc2/01,2025,7
ESSFdc1,BECv10,ESSFdc1/101,0.000790514,SBSmc2/01,2025,7
ESSFdc1,BECv10,ESSFdc1/103,0.000592885,SBSmc2/01,2025,7
ESSFdc1,BECv10,ESSFdc1/110,6.59E-05,SBSmc2/01,2025,7
ESSFdc2,BECv10,ESSFdc2/01,0.000604331,SBSmc2/01,2025,7
ESSFdc2,BECv10,ESSFdc2/03,0.000100722,SBSmc2/01,2025,7
ESSFdc2,BECv10,ESSFdc2/04,0.000134296,SBSmc2/01,2025,7
ESSFdc2,BECv10,ESSFdc2/05,0.000134296,SBSmc2/01,2025,7
ESSFdc2,BECv10,ESSFdc2/06,0.000113312,SBSmc2/01,2025,7
ESSFdc3,BECv10,ESSFdc3/01,0.001645123,SBSmc2/01,2025,7
ESSFdc3,BECv10,ESSFdc3/03,0.000274187,SBSmc2/01,2025,7
ESSFdc3,BECv10,ESSFdc3/04,0.000365583,SBSmc2/01,2025,7
ESSFdc3,BECv10,ESSFdc3/05,0.000365583,SBSmc2/01,2025,7
ESSFdc3,BECv10,ESSFdc3/06,0.000308461,SBSmc2/01,2025,7
ESSFmc,BECv10,ESSFmc/01,0.000312589,SBSmc2/01,2025,7
ESSFmc,BECv10,ESSFmc/04,0.000234442,SBSmc2/01,2025,7
ESSFmc,BECv10,ESSFmc/05,0.000117221,SBSmc2/01,2025,7
ESSFmh,BECv10,ESSFmh/101,0.003823088,SBSmc2/01,2025,7
ESSFmh,BECv10,ESSFmh/104,0.000318591,SBSmc2/01,2025,7
ESSFmh,BECv10,ESSFmh/105,0.00169915,SBSmc2/01,2025,7
ESSFmh,BECv10,ESSFmh/110,0.000318591,SBSmc2/01,2025,7
ESSFmw2,BECv10,ESSFmw2/01,0.000667755,SBSmc2/01,2025,7
ESSFmw2,BECv10,ESSFmw2/03,0.000111292,SBSmc2/01,2025,7
ESSFmw2,BECv10,ESSFmw2/04,0.000263804,SBSmc2/01,2025,7
ESSFmw2,BECv10,ESSFmw2/05,9.89E-05,SBSmc2/01,2025,7
ESSFmw2,BECv10,ESSFmw2/06,6.60E-05,SBSmc2/01,2025,7
ESSFmww,BECv10,ESSFmww/01,3.34E-05,SBSmc2/01,2025,7
ESSFmww,BECv10,ESSFmww/03,5.56E-06,SBSmc2/01,2025,7
ESSFmww,BECv10,ESSFmww/04,1.32E-05,SBSmc2/01,2025,7
ESSFmww,BECv10,ESSFmww/05,4.95E-06,SBSmc2/01,2025,7
ESSFmww,BECv10,ESSFmww/06,3.30E-06,SBSmc2/01,2025,7
ESSFwc2,BECv10,ESSFwc2/01,0.000137242,SBSmc2/01,2025,7
ESSFwc2,BECv10,ESSFwc2/03,2.74E-05,SBSmc2/01,2025,7
ESSFwc2,BECv10,ESSFwc2/04,3.43E-05,SBSmc2/01,2025,7
ESSFwc2,BECv10,ESSFwc2/05,3.43E-05,SBSmc2/01,2025,7
ESSFwc2,BECv10,ESSFwc2/06,3.43E-05,SBSmc2/01,2025,7
ESSFwc2,BECv10,ESSFwc2/07,3.43E-05,SBSmc2/01,2025,7
ESSFwc4,BECv10,ESSFwc4/101,4.18E-05,SBSmc2/01,2025,7
ESSFwc4,BECv10,ESSFwc4/103,1.39E-05,SBSmc2/01,2025,7
ESSFwc4,BECv10,ESSFwc4/110,4.65E-06,SBSmc2/01,2025,7
ESSFwh1,BECv10,ESSFwh1/101,0.000388199,SBSmc2/01,2025,7
ESSFwh1,BECv10,ESSFwh1/103,4.31E-05,SBSmc2/01,2025,7
ESSFwh1,BECv10,ESSFwh1/104,0.000172533,SBSmc2/01,2025,7
ESSFwh2,BECv10,ESSFwh2/101,7.25E-05,SBSmc2/01,2025,7
ESSFwh2,BECv10,ESSFwh2/104,4.35E-05,SBSmc2/01,2025,7
ESSFwh2,BECv10,ESSFwh2/110,4.83E-06,SBSmc2/01,2025,7
ESSFwk1,BECv10,ESSFwk1/01,0.001398179,SBSmc2/01,2025,7
ESSFwk1,BECv10,ESSFwk1/03,0.001198439,SBSmc2/01,2025,7
ESSFwm1,BECv10,ESSFwm1/01,0.000131752,SBSmc2/01,2025,7
ESSFwm1,BECv10,ESSFwm1/02,2.20E-05,SBSmc2/01,2025,7
ESSFwm1,BECv10,ESSFwm1/03,0.000148221,SBSmc2/01,2025,7
ESSFwm2,BECv10,ESSFwm2/101,5.50E-05,SBSmc2/01,2025,7
ESSFwm2,BECv10,ESSFwm2/103,1.83E-05,SBSmc2/01,2025,7
ESSFwm2,BECv10,ESSFwm2/104,4.13E-05,SBSmc2/01,2025,7
ESSFwm2,BECv10,ESSFwm2/110,6.12E-06,SBSmc2/01,2025,7
ESSFwv,BECv10,ESSFwv/01,0.002397567,SBSmc2/01,2025,7
ESSFwv,BECv10,ESSFwv/03,0.000599392,SBSmc2/01,2025,7
ESSFwv,BECv10,ESSFwv/04,0.000599392,SBSmc2/01,2025,7
ESSFwv,BECv10,ESSFwv/05,0.000449544,SBSmc2/01,2025,7
ESSFxc1,BECv10,ESSFxc1/01,8.42E-06,SBSmc2/01,2025,7
ESSFxc1,BECv10,ESSFxc1/04,7.49E-06,SBSmc2/01,2025,7
ESSFxc1,BECv10,ESSFxc1/05,2.45E-05,SBSmc2/01,2025,7
ESSFxc1,BECv10,ESSFxc1/06,2.00E-05,SBSmc2/01,2025,7
ICHdm,BECv10,ICHdm/101,9.06E-05,SBSmc2/01,2025,7
ICHdm,BECv10,ICHdm/103,2.26E-05,SBSmc2/01,2025,7
ICHdm,BECv10,ICHdm/110,7.55E-06,SBSmc2/01,2025,7
ICHdw3,BECv10,ICHdw3/101,0.006274704,SBSmc2/01,2025,7
ICHdw3,BECv10,ICHdw3/103,0.001045784,SBSmc2/01,2025,7
ICHdw3,BECv10,ICHdw3/110,0.000348595,SBSmc2/01,2025,7
ICHdw4,BECv10,ICHdw4/101,0.000301932,SBSmc2/01,2025,7
ICHdw4,BECv10,ICHdw4/104,0.000181159,SBSmc2/01,2025,7
ICHmc1,BECv10,ICHmc1/01,0.160302457,SBSmc2/01,2025,7
ICHmc1,BECv10,ICHmc1/03,0.012523629,SBSmc2/01,2025,7
ICHmc2,BECv10,ICHmc2/01,0.339536512,SBSmc2/01,2025,7
ICHmc2,BECv10,ICHmc2/03,0.02652629,SBSmc2/01,2025,7
ICHmk1,BECv10,ICHmk1/01,0.001188099,SBSmc2/01,2025,7
ICHmk1,BECv10,ICHmk1/03,0.000334153,SBSmc2/01,2025,7
ICHmk1,BECv10,ICHmk1/04,0.001782148,SBSmc2/01,2025,7
ICHmk1,BECv10,ICHmk1/05,0.000198016,SBSmc2/01,2025,7
ICHmk2,BECv10,ICHmk2/01,0.032840412,SBSmc2/01,2025,7
ICHmk2,BECv10,ICHmk2/03,0.001954786,SBSmc2/01,2025,7
ICHmk2,BECv10,ICHmk2/04,0.024326231,SBSmc2/01,2025,7
ICHmk2,BECv10,ICHmk2/05,0.010262629,SBSmc2/01,2025,7
ICHmk4,BECv10,ICHmk4/101,0.001200519,SBSmc2/01,2025,7
ICHmk4,BECv10,ICHmk4/103,0.000900389,SBSmc2/01,2025,7
ICHmk4,BECv10,ICHmk4/110,0.000133391,SBSmc2/01,2025,7
ICHmm,BECv10,ICHmm/01,0.013902308,SBSmc2/01,2025,7
ICHmm,BECv10,ICHmm/03,0.001737789,SBSmc2/01,2025,7
ICHmw1,BECv10,ICHmw1/01,0.000514874,SBSmc2/01,2025,7
ICHmw1,BECv10,ICHmw1/03,0.000114416,SBSmc2/01,2025,7
ICHmw1,BECv10,ICHmw1/04,7.63E-05,SBSmc2/01,2025,7
ICHmw1,BECv10,ICHmw1/05,0.000171625,SBSmc2/01,2025,7
ICHmw1,BECv10,ICHmw1/06,2.86E-05,SBSmc2/01,2025,7
ICHmw2,BECv10,ICHmw2/101,0.001023018,SBSmc2/01,2025,7
ICHmw2,BECv10,ICHmw2/104,0.000341006,SBSmc2/01,2025,7
ICHmw2,BECv10,ICHmw2/110,8.53E-05,SBSmc2/01,2025,7
ICHmw3,BECv10,ICHmw3/01,0.000334338,SBSmc2/01,2025,7
ICHmw3,BECv10,ICHmw3/03,0.000139308,SBSmc2/01,2025,7
ICHmw3,BECv10,ICHmw3/04,0.000330211,SBSmc2/01,2025,7
ICHmw3,BECv10,ICHmw3/05,0.00055723,SBSmc2/01,2025,7
ICHmw3,BECv10,ICHmw3/06,0.000208961,SBSmc2/01,2025,7
ICHmw5,BECv10,ICHmw5/101,0.012189441,SBSmc2/01,2025,7
ICHmw5,BECv10,ICHmw5/104,0.005417529,SBSmc2/01,2025,7
ICHmw5,BECv10,ICHmw5/110,0.001354382,SBSmc2/01,2025,7
ICHvc,BECv10,ICHvc/01,0.00013587,SBSmc2/01,2025,7
ICHvc,BECv10,ICHvc/02,3.02E-05,SBSmc2/01,2025,7
ICHvc,BECv10,ICHvc/03,1.51E-05,SBSmc2/01,2025,7
ICHwc,BECv10,ICHwc/01,5.37E-05,SBSmc2/01,2025,7
ICHwc,BECv10,ICHwc/03,6.04E-05,SBSmc2/01,2025,7
ICHwc,BECv10,ICHwc/04,6.71E-06,SBSmc2/01,2025,7
ICHwk1,BECv10,ICHwk1/01,0.001014493,SBSmc2/01,2025,7
ICHwk1,BECv10,ICHwk1/04,0.000253623,SBSmc2/01,2025,7
ICHwk2,BECv10,ICHwk2/01,3.02E-05,SBSmc2/01,2025,7
ICHwk2,BECv10,ICHwk2/04,3.02E-05,SBSmc2/01,2025,7
ICHwk3,BECv10,ICHwk3/01,4.57E-05,SBSmc2/01,2025,7
ICHwk3,BECv10,ICHwk3/04,1.46E-05,SBSmc2/01,2025,7
ICHwk4,BECv10,ICHwk4/01,0.000526531,SBSmc2/01,2025,7
ICHwk4,BECv10,ICHwk4/04,4.94E-05,SBSmc2/01,2025,7
ICHwk4,BECv10,ICHwk4/05,0.000631837,SBSmc2/01,2025,7
IDFdk1,BECv10,IDFdk1/01,0.000353196,SBSmc2/01,2025,7
IDFdk1,BECv10,IDFdk1/03,5.05E-05,SBSmc2/01,2025,7
IDFdk1,BECv10,IDFdk1/04,0.000235464,SBSmc2/01,2025,7
IDFdk1,BECv10,IDFdk1/05,8.83E-05,SBSmc2/01,2025,7
IDFdk1,BECv10,IDFdk1/Gg,0.000178382,SBSmc2/01,2025,7
IDFdk2,BECv10,IDFdk2/01,0.005881948,SBSmc2/01,2025,7
IDFdk2,BECv10,IDFdk2/03,0.003267749,SBSmc2/01,2025,7
IDFdk2,BECv10,IDFdk2/04,0.00117639,SBSmc2/01,2025,7
IDFdk5,BECv10,IDFdk5/101,0.009390097,SBSmc2/01,2025,7
IDFdk5,BECv10,IDFdk5/104,0.009390097,SBSmc2/01,2025,7
IDFdm1,BECv10,IDFdm1/01,0.000613312,SBSmc2/01,2025,7
IDFdm1,BECv10,IDFdm1/02,8.18E-05,SBSmc2/01,2025,7
IDFdm1,BECv10,IDFdm1/03,4.96E-05,SBSmc2/01,2025,7
IDFdm1,BECv10,IDFdm1/04,0.000153328,SBSmc2/01,2025,7
IDFdm1,BECv10,IDFdm1/05,0.000309754,SBSmc2/01,2025,7
IDFmw1,BECv10,IDFmw1/01,0.000826067,SBSmc2/01,2025,7
IDFmw1,BECv10,IDFmw1/03,0.000281614,SBSmc2/01,2025,7
IDFmw1,BECv10,IDFmw1/04,0.000885072,SBSmc2/01,2025,7
IDFmw2,BECv10,IDFmw2/01,0.001387988,SBSmc2/01,2025,7
IDFmw2,BECv10,IDFmw2/03,0.000378542,SBSmc2/01,2025,7
IDFmw2,BECv10,IDFmw2/04,0.000346997,SBSmc2/01,2025,7
IDFww,BECv10,IDFww/01,4.39E-05,SBSmc2/01,2025,7
IDFww,BECv10,IDFww/04,1.65E-05,SBSmc2/01,2025,7
IDFww1,BECv10,IDFww1/01,4.39E-05,SBSmc2/01,2025,7
IDFww1,BECv10,IDFww1/04,1.65E-05,SBSmc2/01,2025,7
IDFxh1,BECv10,IDFxh1/01,1.97E-05,SBSmc2/01,2025,7
IDFxh1,BECv10,IDFxh1/04,7.79E-06,SBSmc2/01,2025,7
IDFxh1,BECv10,IDFxh1/05,1.97E-05,SBSmc2/01,2025,7
IDFxh1,BECv10,IDFxh1/06,6.57E-06,SBSmc2/01,2025,7
IDFxh1,BECv10,IDFxh1/07,6.57E-06,SBSmc2/01,2025,7
IDFxh2,BECv10,IDFxh2/01,4.04E-05,SBSmc2/01,2025,7
IDFxh2,BECv10,IDFxh2/03,1.62E-06,SBSmc2/01,2025,7
IDFxh2,BECv10,IDFxh2/04,1.64E-05,SBSmc2/01,2025,7
IDFxh2,BECv10,IDFxh2/05,3.89E-05,SBSmc2/01,2025,7
IDFxh2,BECv10,IDFxh2/06,2.34E-05,SBSmc2/01,2025,7
IDFxm,BECv10,IDFxm/01,2.33E-05,SBSmc2/01,2025,7
IDFxm,BECv10,IDFxm/03,9.72E-07,SBSmc2/01,2025,7
IDFxm,BECv10,IDFxm/04,5.83E-06,SBSmc2/01,2025,7
IDFxm,BECv10,IDFxm/05,2.33E-05,SBSmc2/01,2025,7
IDFxm,BECv10,IDFxm/Gg,6.91E-06,SBSmc2/01,2025,7
MHmm2,BECv10,MHmm2/01,4.39E-05,SBSmc2/01,2025,7
MHmm2,BECv10,MHmm2/03,1.65E-05,SBSmc2/01,2025,7
MSdc1,BECv10,MSdc1/01,8.33E-05,SBSmc2/01,2025,7
MSdc1,BECv10,MSdc1/03,1.67E-05,SBSmc2/01,2025,7
MSdc1,BECv10,MSdc1/04,2.08E-05,SBSmc2/01,2025,7
MSdk1,BECv10,MSdk1/01,9.46E-05,SBSmc2/01,2025,7
MSdk1,BECv10,MSdk1/03,1.17E-05,SBSmc2/01,2025,7
MSdk1,BECv10,MSdk1/04,0.000135212,SBSmc2/01,2025,7
MSdk2,BECv10,MSdk2/01,0.001750999,SBSmc2/01,2025,7
MSdk2,BECv10,MSdk2/03,0.000216173,SBSmc2/01,2025,7
MSdk2,BECv10,MSdk2/04,0.002501427,SBSmc2/01,2025,7
MSdm1,BECv10,MSdm1/01,0.003730972,SBSmc2/01,2025,7
MSdm1,BECv10,MSdm1/03,0.00057001,SBSmc2/01,2025,7
MSdm1,BECv10,MSdm1/04,0.003730972,SBSmc2/01,2025,7
MSdm1,BECv10,MSdm1/05,0.001026017,SBSmc2/01,2025,7
MSdm2,BECv10,MSdm2/01,0.003757752,SBSmc2/01,2025,7
MSdm2,BECv10,MSdm2/03,0.001761446,SBSmc2/01,2025,7
MSdm2,BECv10,MSdm2/04,0.00939438,SBSmc2/01,2025,7
MSdm2,BECv10,MSdm2/05,0.001761446,SBSmc2/01,2025,7
MSdm2,BECv10,MSdm2/06,0.000293574,SBSmc2/01,2025,7
MSdm3,BECv10,MSdm3/01,0.001150059,SBSmc2/01,2025,7
MSdm3,BECv10,MSdm3/03,0.00053909,SBSmc2/01,2025,7
MSdm3,BECv10,MSdm3/04,0.002875148,SBSmc2/01,2025,7
MSdm3,BECv10,MSdm3/05,0.00053909,SBSmc2/01,2025,7
MSdm3,BECv10,MSdm3/06,8.98E-05,SBSmc2/01,2025,7
MSmw2,BECv10,MSmw2/01,3.34E-05,SBSmc2/01,2025,7
MSmw2,BECv10,MSmw2/03,5.56E-06,SBSmc2/01,2025,7
MSmw2,BECv10,MSmw2/04,1.32E-05,SBSmc2/01,2025,7
MSmw2,BECv10,MSmw2/05,4.95E-06,SBSmc2/01,2025,7
MSmw2,BECv10,MSmw2/06,3.30E-06,SBSmc2/01,2025,7
MSxk1,BECv10,MSxk1/01,0.000114816,SBSmc2/01,2025,7
MSxk1,BECv10,MSxk1/02,8.50E-06,SBSmc2/01,2025,7
MSxk1,BECv10,MSxk1/04,1.70E-05,SBSmc2/01,2025,7
MSxk1,BECv10,MSxk1/05,8.35E-05,SBSmc2/01,2025,7
MSxk1,BECv10,MSxk1/06,0.000114816,SBSmc2/01,2025,7
MSxk1,BECv10,MSxk1/07,3.40E-05,SBSmc2/01,2025,7
MSxk1,BECv10,MSxk1/08,2.09E-05,SBSmc2/01,2025,7
MSxk1,BECv10,MSxk1/Gg,1.46E-05,SBSmc2/01,2025,7
MSxk1,BECv10,MSxk1/Gs,1.46E-05,SBSmc2/01,2025,7
MSxk3,BECv10,MSxk3/01,1.76E-05,SBSmc2/01,2025,7
MSxk3,BECv10,MSxk3/02,1.31E-06,SBSmc2/01,2025,7
MSxk3,BECv10,MSxk3/04,2.61E-06,SBSmc2/01,2025,7
MSxk3,BECv10,MSxk3/05,1.28E-05,SBSmc2/01,2025,7
MSxk3,BECv10,MSxk3/06,1.76E-05,SBSmc2/01,2025,7
MSxk3,BECv10,MSxk3/07,5.22E-06,SBSmc2/01,2025,7
MSxk3,BECv10,MSxk3/08,3.20E-06,SBSmc2/01,2025,7
SBSdh1,BECv10,SBSdh1/01,0.007588725,SBSmc2/01,2025,7
SBSdh1,BECv10,SBSdh1/04,0.001264788,SBSmc2/01,2025,7
SBSdh1,BECv10,SBSdh1/05,0.000722736,SBSmc2/01,2025,7
SBSdh1,BECv10,SBSdh1/06,0.001897181,SBSmc2/01,2025,7
SBSdh2,BECv10,SBSdh2/01,9.35E-05,SBSmc2/01,2025,7
SBSdh2,BECv10,SBSdh2/04,1.56E-05,SBSmc2/01,2025,7
SBSdh2,BECv10,SBSdh2/05,7.79E-06,SBSmc2/01,2025,7
SBSdh2,BECv10,SBSdh2/06,3.90E-06,SBSmc2/01,2025,7
SBSdk,BECv10,SBSdk/01,0.012042505,SBSmc2/01,2025,7
SBSdk,BECv10,SBSdk/04,0.001254428,SBSmc2/01,2025,7
SBSdk,BECv10,SBSdk/05,0.003763283,SBSmc2/01,2025,7
SBSdk,BECv10,SBSdk/06,0.000940821,SBSmc2/01,2025,7
SBSdk,BECv10,SBSdk/Gg,0.000537612,SBSmc2/01,2025,7
SBSdw1,BECv10,SBSdw1/01,0.000269633,SBSmc2/01,2025,7
SBSdw1,BECv10,SBSdw1/03,0.000101112,SBSmc2/01,2025,7
SBSdw1,BECv10,SBSdw1/04,8.99E-05,SBSmc2/01,2025,7
SBSdw1,BECv10,SBSdw1/06,2.25E-05,SBSmc2/01,2025,7
SBSdw3,BECv10,SBSdw3/01,0.003827977,SBSmc2/01,2025,7
SBSdw3,BECv10,SBSdw3/04,0.003827977,SBSmc2/01,2025,7
SBSdw3,BECv10,SBSdw3/05,0.000850662,SBSmc2/01,2025,7
SBSdw3,BECv10,SBSdw3/06,0.001275992,SBSmc2/01,2025,7
SBSmc2,BECv10,SBSmc2/01,0.041121006,SBSmc2/01,2025,7
SBSmc2,BECv10,SBSmc2/04,0.0022845,SBSmc2/01,2025,7
SBSmc2,BECv10,SBSmc2/05,0.0022845,SBSmc2/01,2025,7
SBSmc2,BECv10,SBSmc2/06,0.001713375,SBSmc2/01,2025,7
SBSmh,BECv10,SBSmh/01,0.002118824,SBSmc2/01,2025,7
SBSmh,BECv10,SBSmh/04,0.002542588,SBSmc2/01,2025,7
SBSmh,BECv10,SBSmh/05,0.007062745,SBSmc2/01,2025,7
SBSmh,BECv10,SBSmh/06,0.000353137,SBSmc2/01,2025,7
SBSmk1,BECv10,SBSmk1/01,0.004849498,SBSmc2/01,2025,7
SBSmk1,BECv10,SBSmk1/04,0.003232999,SBSmc2/01,2025,7
SBSmk1,BECv10,SBSmk1/05,0.012931996,SBSmc2/01,2025,7
SBSmm,BECv10,SBSmm/01,1.42E-05,SBSmc2/01,2025,7
SBSmm,BECv10,SBSmm/04,8.89E-06,SBSmc2/01,2025,7
SBSmm,BECv10,SBSmm/05,3.95E-06,SBSmc2/01,2025,7
SBSmm,BECv10,SBSmm/06,2.67E-05,SBSmc2/01,2025,7
SBSmm,BECv10,SBSmm/07,6.67E-06,SBSmc2/01,2025,7
SBSmw,BECv10,SBSmw/01,0.00397667,SBSmc2/01,2025,7
SBSmw,BECv10,SBSmw/03,0.000110463,SBSmc2/01,2025,7
SBSmw,BECv10,SBSmw/04,0.000441852,SBSmc2/01,2025,7
SBSun,BECv10,SBSun/00,0.000422705,SBSmc2/01,2025,7
SBSvk,BECv10,SBSvk/01,2.23E-05,SBSmc2/01,2025,7
SBSvk,BECv10,SBSvk/03,9.52E-06,SBSmc2/01,2025,7
SBSvk,BECv10,SBSvk/04,2.14E-05,SBSmc2/01,2025,7
SBSvk,BECv10,SBSvk/05,7.14E-06,SBSmc2/01,2025,7
SBSwk1,BECv10,SBSwk1/01,0.004480247,SBSmc2/01,2025,7
SBSwk1,BECv10,SBSwk1/03,0.000355575,SBSmc2/01,2025,7
SBSwk1,BECv10,SBSwk1/04,0.003733539,SBSmc2/01,2025,7
SBSwk1,BECv10,SBSwk1/05,0.012445131,SBSmc2/01,2025,7
SBSwk2,BECv10,SBSwk2/01,0.001972625,SBSmc2/01,2025,7
SBSwk2,BECv10,SBSwk2/03,0.000986312,SBSmc2/01,2025,7
SBSwk3,BECv10,SBSwk3/01,0.000452899,SBSmc2/01,2025,7
SBSwk3,BECv10,SBSwk3/04,0.000301932,SBSmc2/01,2025,7
SBSwk3,BECv10,SBSwk3/06,0.000150966,SBSmc2/01,2025,7
AB_FF,ABv1,AB_FF/00,0.000785024,SBSmc2/01,2055,7
AB_MG,ABv1,AB_MG/00,6.04E-05,SBSmc2/01,2055,7
BGxxx,USAv1,BGxxx/Gg,0.001751208,SBSmc2/01,2055,7
CWHds1,BECv10,CWHds1/01,0.004567413,SBSmc2/01,2055,7
CWHds1,BECv10,CWHds1/05,0.00171278,SBSmc2/01,2055,7
CWHds2,BECv10,CWHds2/01,0.008607817,SBSmc2/01,2055,7
CWHds2,BECv10,CWHds2/05,0.003227931,SBSmc2/01,2055,7
CWHms2,BECv10,CWHms2/01,8.78E-05,SBSmc2/01,2055,7
CWHms2,BECv10,CWHms2/04,3.29E-05,SBSmc2/01,2055,7
CWHwm,BECv10,CWHwm/01,0.000139353,SBSmc2/01,2055,7
CWHwm,BECv10,CWHwm/03,4.18E-05,SBSmc2/01,2055,7
CWHws1,BECv10,CWHws1/01,0.014291465,SBSmc2/01,2055,7
CWHws1,BECv10,CWHws1/04,0.002858293,SBSmc2/01,2055,7
CWHws2,BECv10,CWHws2/01,0.052305665,SBSmc2/01,2055,7
CWHws2,BECv10,CWHws2/04,0.019614625,SBSmc2/01,2055,7
ESSFdc1,BECv10,ESSFdc1/101,3.29E-05,SBSmc2/01,2055,7
ESSFdc1,BECv10,ESSFdc1/103,2.47E-05,SBSmc2/01,2055,7
ESSFdc1,BECv10,ESSFdc1/110,2.74E-06,SBSmc2/01,2055,7
ESSFdc3,BECv10,ESSFdc3/01,0.000100722,SBSmc2/01,2055,7
ESSFdc3,BECv10,ESSFdc3/03,1.68E-05,SBSmc2/01,2055,7
ESSFdc3,BECv10,ESSFdc3/04,2.24E-05,SBSmc2/01,2055,7
ESSFdc3,BECv10,ESSFdc3/05,2.24E-05,SBSmc2/01,2055,7
ESSFdc3,BECv10,ESSFdc3/06,1.89E-05,SBSmc2/01,2055,7
ESSFmh,BECv10,ESSFmh/101,0.001761619,SBSmc2/01,2055,7
ESSFmh,BECv10,ESSFmh/104,0.000146802,SBSmc2/01,2055,7
ESSFmh,BECv10,ESSFmh/105,0.000782942,SBSmc2/01,2055,7
ESSFmh,BECv10,ESSFmh/110,0.000146802,SBSmc2/01,2055,7
ESSFmm1,BECv10,ESSFmm1/01,6.04E-05,SBSmc2/01,2055,7
ESSFmw2,BECv10,ESSFmw2/01,6.68E-05,SBSmc2/01,2055,7
ESSFmw2,BECv10,ESSFmw2/03,1.11E-05,SBSmc2/01,2055,7
ESSFmw2,BECv10,ESSFmw2/04,2.64E-05,SBSmc2/01,2055,7
ESSFmw2,BECv10,ESSFmw2/05,9.89E-06,SBSmc2/01,2055,7
ESSFmw2,BECv10,ESSFmw2/06,6.60E-06,SBSmc2/01,2055,7
ESSFwh1,BECv10,ESSFwh1/101,0.000504658,SBSmc2/01,2055,7
ESSFwh1,BECv10,ESSFwh1/103,5.61E-05,SBSmc2/01,2055,7
ESSFwh1,BECv10,ESSFwh1/104,0.000224293,SBSmc2/01,2055,7
ESSFwh2,BECv10,ESSFwh2/101,0.000144928,SBSmc2/01,2055,7
ESSFwh2,BECv10,ESSFwh2/104,8.70E-05,SBSmc2/01,2055,7
ESSFwh2,BECv10,ESSFwh2/110,9.66E-06,SBSmc2/01,2055,7
ESSFwh3,BECv10,ESSFwh3/101,4.26E-05,SBSmc2/01,2055,7
ESSFwh3,BECv10,ESSFwh3/104,1.42E-05,SBSmc2/01,2055,7
ESSFwh3,BECv10,ESSFwh3/110,3.55E-06,SBSmc2/01,2055,7
ESSFwk1,BECv10,ESSFwk1/01,0.000227611,SBSmc2/01,2055,7
ESSFwk1,BECv10,ESSFwk1/03,0.000195095,SBSmc2/01,2055,7
ESSFwv,BECv10,ESSFwv/01,0.000357846,SBSmc2/01,2055,7
ESSFwv,BECv10,ESSFwv/03,8.95E-05,SBSmc2/01,2055,7
ESSFwv,BECv10,ESSFwv/04,8.95E-05,SBSmc2/01,2055,7
ESSFwv,BECv10,ESSFwv/05,6.71E-05,SBSmc2/01,2055,7
ICHdm,BECv10,ICHdm/101,0.003577899,SBSmc2/01,2055,7
ICHdm,BECv10,ICHdm/103,0.000894475,SBSmc2/01,2055,7
ICHdm,BECv10,ICHdm/110,0.000298158,SBSmc2/01,2055,7
ICHdw1,BECv10,ICHdw1/101,0.022644928,SBSmc2/01,2055,7
ICHdw1,BECv10,ICHdw1/104,0.008152174,SBSmc2/01,2055,7
ICHdw3,BECv10,ICHdw3/101,0.013833992,SBSmc2/01,2055,7
ICHdw3,BECv10,ICHdw3/103,0.002305665,SBSmc2/01,2055,7
ICHdw3,BECv10,ICHdw3/110,0.000768555,SBSmc2/01,2055,7
ICHdw4,BECv10,ICHdw4/101,0.023135568,SBSmc2/01,2055,7
ICHdw4,BECv10,ICHdw4/104,0.013881341,SBSmc2/01,2055,7
ICHmc1,BECv10,ICHmc1/01,0.102891549,SBSmc2/01,2055,7
ICHmc1,BECv10,ICHmc1/03,0.008038402,SBSmc2/01,2055,7
ICHmc1a,BECv10,ICHmc1a/01,0.000536769,SBSmc2/01,2055,7
ICHmc1a,BECv10,ICHmc1a/02,6.71E-05,SBSmc2/01,2055,7
ICHmc2,BECv10,ICHmc2/01,0.313547574,SBSmc2/01,2055,7
ICHmc2,BECv10,ICHmc2/03,0.024495904,SBSmc2/01,2055,7
ICHmk1,BECv10,ICHmk1/01,0.000225329,SBSmc2/01,2055,7
ICHmk1,BECv10,ICHmk1/03,6.34E-05,SBSmc2/01,2055,7
ICHmk1,BECv10,ICHmk1/04,0.000337994,SBSmc2/01,2055,7
ICHmk1,BECv10,ICHmk1/05,3.76E-05,SBSmc2/01,2055,7
ICHmk2,BECv10,ICHmk2/01,0.010689568,SBSmc2/01,2055,7
ICHmk2,BECv10,ICHmk2/03,0.000636284,SBSmc2/01,2055,7
ICHmk2,BECv10,ICHmk2/04,0.007918199,SBSmc2/01,2055,7
ICHmk2,BECv10,ICHmk2/05,0.00334049,SBSmc2/01,2055,7
ICHmk4,BECv10,ICHmk4/101,0.001817002,SBSmc2/01,2055,7
ICHmk4,BECv10,ICHmk4/103,0.001362751,SBSmc2/01,2055,7
ICHmk4,BECv10,ICHmk4/110,0.000201889,SBSmc2/01,2055,7
ICHmm,BECv10,ICHmm/01,0.009500805,SBSmc2/01,2055,7
ICHmm,BECv10,ICHmm/03,0.001187601,SBSmc2/01,2055,7
ICHmw1,BECv10,ICHmw1/01,0.000171625,SBSmc2/01,2055,7
ICHmw1,BECv10,ICHmw1/03,3.81E-05,SBSmc2/01,2055,7
ICHmw1,BECv10,ICHmw1/04,2.54E-05,SBSmc2/01,2055,7
ICHmw1,BECv10,ICHmw1/05,5.72E-05,SBSmc2/01,2055,7
ICHmw1,BECv10,ICHmw1/06,9.53E-06,SBSmc2/01,2055,7
ICHmw2,BECv10,ICHmw2/101,0.038959932,SBSmc2/01,2055,7
ICHmw2,BECv10,ICHmw2/104,0.012986644,SBSmc2/01,2055,7
ICHmw2,BECv10,ICHmw2/110,0.003246661,SBSmc2/01,2055,7
ICHmw3,BECv10,ICHmw3/01,0.019635943,SBSmc2/01,2055,7
ICHmw3,BECv10,ICHmw3/03,0.008181643,SBSmc2/01,2055,7
ICHmw3,BECv10,ICHmw3/04,0.019393524,SBSmc2/01,2055,7
ICHmw3,BECv10,ICHmw3/05,0.032726571,SBSmc2/01,2055,7
ICHmw3,BECv10,ICHmw3/06,0.012272464,SBSmc2/01,2055,7
ICHmw4,BECv10,ICHmw4/101,0.000228833,SBSmc2/01,2055,7
ICHmw4,BECv10,ICHmw4/104,0.000102975,SBSmc2/01,2055,7
ICHmw4,BECv10,ICHmw4/110,1.53E-05,SBSmc2/01,2055,7
ICHmw4,BECv10,ICHmw4/111,1.53E-05,SBSmc2/01,2055,7
ICHmw5,BECv10,ICHmw5/101,0.041420807,SBSmc2/01,2055,7
ICHmw5,BECv10,ICHmw5/104,0.018409248,SBSmc2/01,2055,7
ICHmw5,BECv10,ICHmw5/110,0.004602312,SBSmc2/01,2055,7
ICHvk1,BECv10,ICHvk1/01,7.22E-05,SBSmc2/01,2055,7
ICHvk1,BECv10,ICHvk1/03,3.39E-05,SBSmc2/01,2055,7
ICHvk1,BECv10,ICHvk1/04,0.000135446,SBSmc2/01,2055,7
ICHwk1,BECv10,ICHwk1/01,0.005603865,SBSmc2/01,2055,7
ICHwk1,BECv10,ICHwk1/04,0.001400966,SBSmc2/01,2055,7
ICHwk4,BECv10,ICHwk4/01,0.000315918,SBSmc2/01,2055,7
ICHwk4,BECv10,ICHwk4/04,2.96E-05,SBSmc2/01,2055,7
ICHwk4,BECv10,ICHwk4/05,0.000379102,SBSmc2/01,2055,7
ICHxw,BECv10,ICHxw/101,7.76E-05,SBSmc2/01,2055,7
ICHxw,BECv10,ICHxw/104,3.45E-05,SBSmc2/01,2055,7
ICHxw,BECv10,ICHxw/110,8.63E-06,SBSmc2/01,2055,7
ICHxwa,BECv10,ICHxwa/101,0.001863354,SBSmc2/01,2055,7
ICHxwa,BECv10,ICHxwa/104,0.000828157,SBSmc2/01,2055,7
ICHxwa,BECv10,ICHxwa/110,0.000207039,SBSmc2/01,2055,7
IDFdk2,BECv10,IDFdk2/01,0.002235828,SBSmc2/01,2055,7
IDFdk2,BECv10,IDFdk2/03,0.001242127,SBSmc2/01,2055,7
IDFdk2,BECv10,IDFdk2/04,0.000447166,SBSmc2/01,2055,7
IDFdk5,BECv10,IDFdk5/101,0.004136473,SBSmc2/01,2055,7
IDFdk5,BECv10,IDFdk5/104,0.004136473,SBSmc2/01,2055,7
IDFdm1,BECv10,IDFdm1/01,0.000245325,SBSmc2/01,2055,7
IDFdm1,BECv10,IDFdm1/02,3.27E-05,SBSmc2/01,2055,7
IDFdm1,BECv10,IDFdm1/03,1.98E-05,SBSmc2/01,2055,7
IDFdm1,BECv10,IDFdm1/04,6.13E-05,SBSmc2/01,2055,7
IDFdm1,BECv10,IDFdm1/05,0.000123901,SBSmc2/01,2055,7
IDFmw1,BECv10,IDFmw1/01,0.011740171,SBSmc2/01,2055,7
IDFmw1,BECv10,IDFmw1/03,0.004002331,SBSmc2/01,2055,7
IDFmw1,BECv10,IDFmw1/04,0.012578754,SBSmc2/01,2055,7
IDFmw2,BECv10,IDFmw2/01,0.005710578,SBSmc2/01,2055,7
IDFmw2,BECv10,IDFmw2/03,0.00155743,SBSmc2/01,2055,7
IDFmw2,BECv10,IDFmw2/04,0.001427644,SBSmc2/01,2055,7
IDFww,BECv10,IDFww/01,0.00017567,SBSmc2/01,2055,7
IDFww,BECv10,IDFww/04,6.59E-05,SBSmc2/01,2055,7
IDFww1,BECv10,IDFww1/01,0.000658762,SBSmc2/01,2055,7
IDFww1,BECv10,IDFww1/04,0.000247036,SBSmc2/01,2055,7
IDFxh1,BECv10,IDFxh1/01,0.000157784,SBSmc2/01,2055,7
IDFxh1,BECv10,IDFxh1/04,6.23E-05,SBSmc2/01,2055,7
IDFxh1,BECv10,IDFxh1/05,0.000157784,SBSmc2/01,2055,7
IDFxh1,BECv10,IDFxh1/06,5.26E-05,SBSmc2/01,2055,7
IDFxh1,BECv10,IDFxh1/07,5.26E-05,SBSmc2/01,2055,7
IDFxh2,BECv10,IDFxh2/01,2.02E-05,SBSmc2/01,2055,7
IDFxh2,BECv10,IDFxh2/03,8.11E-07,SBSmc2/01,2055,7
IDFxh2,BECv10,IDFxh2/04,8.21E-06,SBSmc2/01,2055,7
IDFxh2,BECv10,IDFxh2/05,1.95E-05,SBSmc2/01,2055,7
IDFxh2,BECv10,IDFxh2/06,1.17E-05,SBSmc2/01,2055,7
IDFxh4,BECv10,IDFxh4/01,0.000118338,SBSmc2/01,2055,7
IDFxh4,BECv10,IDFxh4/04,4.68E-05,SBSmc2/01,2055,7
IDFxh4,BECv10,IDFxh4/05,0.000118338,SBSmc2/01,2055,7
IDFxh4,BECv10,IDFxh4/06,3.94E-05,SBSmc2/01,2055,7
IDFxh4,BECv10,IDFxh4/07,3.94E-05,SBSmc2/01,2055,7
MSdk1,BECv10,MSdk1/01,0.002011283,SBSmc2/01,2055,7
MSdk1,BECv10,MSdk1/03,0.000248307,SBSmc2/01,2055,7
MSdk1,BECv10,MSdk1/04,0.002873261,SBSmc2/01,2055,7
MSdk2,BECv10,MSdk2/01,4.73E-05,SBSmc2/01,2055,7
MSdk2,BECv10,MSdk2/03,5.84E-06,SBSmc2/01,2055,7
MSdk2,BECv10,MSdk2/04,6.76E-05,SBSmc2/01,2055,7
MSdm1,BECv10,MSdm1/01,0.000348224,SBSmc2/01,2055,7
MSdm1,BECv10,MSdm1/03,5.32E-05,SBSmc2/01,2055,7
MSdm1,BECv10,MSdm1/04,0.000348224,SBSmc2/01,2055,7
MSdm1,BECv10,MSdm1/05,9.58E-05,SBSmc2/01,2055,7
MSdm2,BECv10,MSdm2/01,0.000427929,SBSmc2/01,2055,7
MSdm2,BECv10,MSdm2/03,0.000200592,SBSmc2/01,2055,7
MSdm2,BECv10,MSdm2/04,0.001069823,SBSmc2/01,2055,7
MSdm2,BECv10,MSdm2/05,0.000200592,SBSmc2/01,2055,7
MSdm2,BECv10,MSdm2/06,3.34E-05,SBSmc2/01,2055,7
MSdm3,BECv10,MSdm3/01,9.36E-05,SBSmc2/01,2055,7
MSdm3,BECv10,MSdm3/03,4.39E-05,SBSmc2/01,2055,7
MSdm3,BECv10,MSdm3/04,0.000234024,SBSmc2/01,2055,7
MSdm3,BECv10,MSdm3/05,4.39E-05,SBSmc2/01,2055,7
MSdm3,BECv10,MSdm3/06,7.31E-06,SBSmc2/01,2055,7
MSmw2,BECv10,MSmw2/01,0.000200326,SBSmc2/01,2055,7
MSmw2,BECv10,MSmw2/03,3.34E-05,SBSmc2/01,2055,7
MSmw2,BECv10,MSmw2/04,7.91E-05,SBSmc2/01,2055,7
MSmw2,BECv10,MSmw2/05,2.97E-05,SBSmc2/01,2055,7
MSmw2,BECv10,MSmw2/06,1.98E-05,SBSmc2/01,2055,7
PPxh2,BECv10,PPxh2/01,0.000185655,SBSmc2/01,2055,7
PPxh2,BECv10,PPxh2/03,0.000143253,SBSmc2/01,2055,7
PPxh2,BECv10,PPxh2/04,1.03E-05,SBSmc2/01,2055,7
PPxh2,BECv10,PPxh2/05,1.03E-05,SBSmc2/01,2055,7
PPxh2,BECv10,PPxh2/06,3.44E-05,SBSmc2/01,2055,7
PPxh2,BECv10,PPxh2/Gg,9.92E-05,SBSmc2/01,2055,7
SBSdh1,BECv10,SBSdh1/01,0.000399407,SBSmc2/01,2055,7
SBSdh1,BECv10,SBSdh1/04,6.66E-05,SBSmc2/01,2055,7
SBSdh1,BECv10,SBSdh1/05,3.80E-05,SBSmc2/01,2055,7
SBSdh1,BECv10,SBSdh1/06,9.99E-05,SBSmc2/01,2055,7
SBSdk,BECv10,SBSdk/01,0.001098339,SBSmc2/01,2055,7
SBSdk,BECv10,SBSdk/04,0.00011441,SBSmc2/01,2055,7
SBSdk,BECv10,SBSdk/05,0.000343231,SBSmc2/01,2055,7
SBSdk,BECv10,SBSdk/06,8.58E-05,SBSmc2/01,2055,7
SBSdk,BECv10,SBSdk/Gg,4.90E-05,SBSmc2/01,2055,7
SBSdw3,BECv10,SBSdw3/01,0.000118147,SBSmc2/01,2055,7
SBSdw3,BECv10,SBSdw3/04,0.000118147,SBSmc2/01,2055,7
SBSdw3,BECv10,SBSdw3/05,2.63E-05,SBSmc2/01,2055,7
SBSdw3,BECv10,SBSdw3/06,3.94E-05,SBSmc2/01,2055,7
SBSmc2,BECv10,SBSmc2/01,0.002042954,SBSmc2/01,2055,7
SBSmc2,BECv10,SBSmc2/04,0.000113497,SBSmc2/01,2055,7
SBSmc2,BECv10,SBSmc2/05,0.000113497,SBSmc2/01,2055,7
SBSmc2,BECv10,SBSmc2/06,8.51E-05,SBSmc2/01,2055,7
SBSmh,BECv10,SBSmh/01,0.001451394,SBSmc2/01,2055,7
SBSmh,BECv10,SBSmh/04,0.001741673,SBSmc2/01,2055,7
SBSmh,BECv10,SBSmh/05,0.004837981,SBSmc2/01,2055,7
SBSmh,BECv10,SBSmh/06,0.000241899,SBSmc2/01,2055,7
SBSmk1,BECv10,SBSmk1/01,0.000167224,SBSmc2/01,2055,7
SBSmk1,BECv10,SBSmk1/04,0.000111483,SBSmc2/01,2055,7
SBSmk1,BECv10,SBSmk1/05,0.000445931,SBSmc2/01,2055,7
SBSmm,BECv10,SBSmm/01,2.84E-05,SBSmc2/01,2055,7
SBSmm,BECv10,SBSmm/04,1.78E-05,SBSmc2/01,2055,7
SBSmm,BECv10,SBSmm/05,7.90E-06,SBSmc2/01,2055,7
SBSmm,BECv10,SBSmm/06,5.33E-05,SBSmc2/01,2055,7
SBSmm,BECv10,SBSmm/07,1.33E-05,SBSmc2/01,2055,7
SBSmw,BECv10,SBSmw/01,0.000424178,SBSmc2/01,2055,7
SBSmw,BECv10,SBSmw/03,1.18E-05,SBSmc2/01,2055,7
SBSmw,BECv10,SBSmw/04,4.71E-05,SBSmc2/01,2055,7
SBSun,BECv10,SBSun/00,0.000603865,SBSmc2/01,2055,7
SBSvk,BECv10,SBSvk/01,8.92E-05,SBSmc2/01,2055,7
SBSvk,BECv10,SBSvk/03,3.81E-05,SBSmc2/01,2055,7
SBSvk,BECv10,SBSvk/04,8.57E-05,SBSmc2/01,2055,7
SBSvk,BECv10,SBSvk/05,2.86E-05,SBSmc2/01,2055,7
SBSwk1,BECv10,SBSwk1/01,0.001750901,SBSmc2/01,2055,7
SBSwk1,BECv10,SBSwk1/03,0.00013896,SBSmc2/01,2055,7
SBSwk1,BECv10,SBSwk1/04,0.001459084,SBSmc2/01,2055,7
SBSwk1,BECv10,SBSwk1/05,0.004863614,SBSmc2/01,2055,7
AB_FF,ABv1,AB_FF/00,0.000241546,SBSmc2/01,2085,7
BGxxm,USAv1,BGxxm/Gg,0.010869565,SBSmc2/01,2085,7
BGxxx,USAv1,BGxxx/Gg,0.00102657,SBSmc2/01,2085,7
BWBSmw,BECv10,BWBSmw/101,0.000362319,SBSmc2/01,2085,7
CDFmm,BECv10,CDFmm/01,8.78E-05,SBSmc2/01,2085,7
CDFmm,BECv10,CDFmm/04,3.29E-05,SBSmc2/01,2085,7
CWHds1,BECv10,CWHds1/01,0.059464207,SBSmc2/01,2085,7
CWHds1,BECv10,CWHds1/05,0.022299078,SBSmc2/01,2085,7
CWHds2,BECv10,CWHds2/01,0.008827404,SBSmc2/01,2085,7
CWHds2,BECv10,CWHds2/05,0.003310277,SBSmc2/01,2085,7
CWHms2,BECv10,CWHms2/01,0.001800615,SBSmc2/01,2085,7
CWHms2,BECv10,CWHms2/04,0.000675231,SBSmc2/01,2085,7
CWHwm,BECv10,CWHwm/01,0.000743218,SBSmc2/01,2085,7
CWHwm,BECv10,CWHwm/03,0.000222965,SBSmc2/01,2085,7
CWHws1,BECv10,CWHws1/01,0.025714573,SBSmc2/01,2085,7
CWHws1,BECv10,CWHws1/04,0.005142915,SBSmc2/01,2085,7
CWHws2,BECv10,CWHws2/01,0.02534036,SBSmc2/01,2085,7
CWHws2,BECv10,CWHws2/04,0.009502635,SBSmc2/01,2085,7
CWHxm1,BECv10,CWHxm1/01,4.39E-05,SBSmc2/01,2085,7
CWHxm1,BECv10,CWHxm1/05,1.65E-05,SBSmc2/01,2085,7
ESSFdc1,BECv10,ESSFdc1/101,3.29E-05,SBSmc2/01,2085,7
ESSFdc1,BECv10,ESSFdc1/103,2.47E-05,SBSmc2/01,2085,7
ESSFdc1,BECv10,ESSFdc1/110,2.74E-06,SBSmc2/01,2085,7
ESSFdc3,BECv10,ESSFdc3/01,0.00016787,SBSmc2/01,2085,7
ESSFdc3,BECv10,ESSFdc3/03,2.80E-05,SBSmc2/01,2085,7
ESSFdc3,BECv10,ESSFdc3/04,3.73E-05,SBSmc2/01,2085,7
ESSFdc3,BECv10,ESSFdc3/05,3.73E-05,SBSmc2/01,2085,7
ESSFdc3,BECv10,ESSFdc3/06,3.15E-05,SBSmc2/01,2085,7
ESSFmh,BECv10,ESSFmh/101,7.50E-05,SBSmc2/01,2085,7
ESSFmh,BECv10,ESSFmh/104,6.25E-06,SBSmc2/01,2085,7
ESSFmh,BECv10,ESSFmh/105,3.33E-05,SBSmc2/01,2085,7
ESSFmh,BECv10,ESSFmh/110,6.25E-06,SBSmc2/01,2085,7
ESSFwh1,BECv10,ESSFwh1/101,7.76E-05,SBSmc2/01,2085,7
ESSFwh1,BECv10,ESSFwh1/103,8.63E-06,SBSmc2/01,2085,7
ESSFwh1,BECv10,ESSFwh1/104,3.45E-05,SBSmc2/01,2085,7
ESSFwh3,BECv10,ESSFwh3/101,4.26E-05,SBSmc2/01,2085,7
ESSFwh3,BECv10,ESSFwh3/104,1.42E-05,SBSmc2/01,2085,7
ESSFwh3,BECv10,ESSFwh3/110,3.55E-06,SBSmc2/01,2085,7
ESSFwk1,BECv10,ESSFwk1/01,9.75E-05,SBSmc2/01,2085,7
ESSFwk1,BECv10,ESSFwk1/03,8.36E-05,SBSmc2/01,2085,7
ICHdm,BECv10,ICHdm/101,0.002173913,SBSmc2/01,2085,7
ICHdm,BECv10,ICHdm/103,0.000543478,SBSmc2/01,2085,7
ICHdm,BECv10,ICHdm/110,0.000181159,SBSmc2/01,2085,7
ICHdw1,BECv10,ICHdw1/101,0.06469345,SBSmc2/01,2085,7
ICHdw1,BECv10,ICHdw1/104,0.023289642,SBSmc2/01,2085,7
ICHdw3,BECv10,ICHdw3/101,0.00958498,SBSmc2/01,2085,7
ICHdw3,BECv10,ICHdw3/103,0.001597497,SBSmc2/01,2085,7
ICHdw3,BECv10,ICHdw3/110,0.000532499,SBSmc2/01,2085,7
ICHdw4,BECv10,ICHdw4/101,0.033778684,SBSmc2/01,2085,7
ICHdw4,BECv10,ICHdw4/104,0.02026721,SBSmc2/01,2085,7
ICHdwz,USAv1,ICHdwz/101,0.000120773,SBSmc2/01,2085,7
ICHmc1,BECv10,ICHmc1/01,0.071189526,SBSmc2/01,2085,7
ICHmc1,BECv10,ICHmc1/03,0.005561682,SBSmc2/01,2085,7
ICHmc1a,BECv10,ICHmc1a/01,0.000483092,SBSmc2/01,2085,7
ICHmc1a,BECv10,ICHmc1a/02,6.04E-05,SBSmc2/01,2085,7
ICHmc2,BECv10,ICHmc2/01,0.167975915,SBSmc2/01,2085,7
ICHmc2,BECv10,ICHmc2/03,0.013123118,SBSmc2/01,2085,7
ICHmk1,BECv10,ICHmk1/01,2.05E-05,SBSmc2/01,2085,7
ICHmk1,BECv10,ICHmk1/03,5.76E-06,SBSmc2/01,2085,7
ICHmk1,BECv10,ICHmk1/04,3.07E-05,SBSmc2/01,2085,7
ICHmk1,BECv10,ICHmk1/05,3.41E-06,SBSmc2/01,2085,7
ICHmk2,BECv10,ICHmk2/01,0.003601298,SBSmc2/01,2085,7
ICHmk2,BECv10,ICHmk2/03,0.000214363,SBSmc2/01,2085,7
ICHmk2,BECv10,ICHmk2/04,0.002667628,SBSmc2/01,2085,7
ICHmk2,BECv10,ICHmk2/05,0.001125406,SBSmc2/01,2085,7
ICHmk4,BECv10,ICHmk4/101,0.000421804,SBSmc2/01,2085,7
ICHmk4,BECv10,ICHmk4/103,0.000316353,SBSmc2/01,2085,7
ICHmk4,BECv10,ICHmk4/110,4.69E-05,SBSmc2/01,2085,7
ICHmm,BECv10,ICHmm/01,0.00359635,SBSmc2/01,2085,7
ICHmm,BECv10,ICHmm/03,0.000449544,SBSmc2/01,2085,7
ICHmw1,BECv10,ICHmw1/01,0.001613272,SBSmc2/01,2085,7
ICHmw1,BECv10,ICHmw1/03,0.000358505,SBSmc2/01,2085,7
ICHmw1,BECv10,ICHmw1/04,0.000239003,SBSmc2/01,2085,7
ICHmw1,BECv10,ICHmw1/05,0.000537757,SBSmc2/01,2085,7
ICHmw1,BECv10,ICHmw1/06,8.96E-05,SBSmc2/01,2085,7
ICHmw2,BECv10,ICHmw2/101,0.051278772,SBSmc2/01,2085,7
ICHmw2,BECv10,ICHmw2/104,0.017092924,SBSmc2/01,2085,7
ICHmw2,BECv10,ICHmw2/110,0.004273231,SBSmc2/01,2085,7
ICHmw3,BECv10,ICHmw3/01,0.034102502,SBSmc2/01,2085,7
ICHmw3,BECv10,ICHmw3/03,0.014209376,SBSmc2/01,2085,7
ICHmw3,BECv10,ICHmw3/04,0.033681483,SBSmc2/01,2085,7
ICHmw3,BECv10,ICHmw3/05,0.056837503,SBSmc2/01,2085,7
ICHmw3,BECv10,ICHmw3/06,0.021314064,SBSmc2/01,2085,7
ICHmw4,BECv10,ICHmw4/101,0.000991609,SBSmc2/01,2085,7
ICHmw4,BECv10,ICHmw4/104,0.000446224,SBSmc2/01,2085,7
ICHmw4,BECv10,ICHmw4/110,6.61E-05,SBSmc2/01,2085,7
ICHmw4,BECv10,ICHmw4/111,6.61E-05,SBSmc2/01,2085,7
ICHmw5,BECv10,ICHmw5/101,0.025543478,SBSmc2/01,2085,7
ICHmw5,BECv10,ICHmw5/104,0.011352657,SBSmc2/01,2085,7
ICHmw5,BECv10,ICHmw5/110,0.002838164,SBSmc2/01,2085,7
ICHvk1,BECv10,ICHvk1/01,3.61E-05,SBSmc2/01,2085,7
ICHvk1,BECv10,ICHvk1/03,1.69E-05,SBSmc2/01,2085,7
ICHvk1,BECv10,ICHvk1/04,6.77E-05,SBSmc2/01,2085,7
ICHwk1,BECv10,ICHwk1/01,0.003140097,SBSmc2/01,2085,7
ICHwk1,BECv10,ICHwk1/04,0.000785024,SBSmc2/01,2085,7
ICHwk4,BECv10,ICHwk4/01,2.63E-05,SBSmc2/01,2085,7
ICHwk4,BECv10,ICHwk4/04,2.47E-06,SBSmc2/01,2085,7
ICHwk4,BECv10,ICHwk4/05,3.16E-05,SBSmc2/01,2085,7
ICHxw,BECv10,ICHxw/101,0.028804348,SBSmc2/01,2085,7
ICHxw,BECv10,ICHxw/104,0.012801932,SBSmc2/01,2085,7
ICHxw,BECv10,ICHxw/110,0.003200483,SBSmc2/01,2085,7
ICHxwa,BECv10,ICHxwa/101,0.002096273,SBSmc2/01,2085,7
ICHxwa,BECv10,ICHxwa/104,0.000931677,SBSmc2/01,2085,7
ICHxwa,BECv10,ICHxwa/110,0.000232919,SBSmc2/01,2085,7
IDFdc,BECv10,IDFdc/01,3.44E-05,SBSmc2/01,2085,7
IDFdc,BECv10,IDFdc/03,1.91E-05,SBSmc2/01,2085,7
IDFdc,BECv10,IDFdc/04,6.88E-06,SBSmc2/01,2085,7
IDFdhy,USAv1,IDFdhy/101,0.000241546,SBSmc2/01,2085,7
IDFdk2,BECv10,IDFdk2/01,0.001479086,SBSmc2/01,2085,7
IDFdk2,BECv10,IDFdk2/03,0.000821715,SBSmc2/01,2085,7
IDFdk2,BECv10,IDFdk2/04,0.000295817,SBSmc2/01,2085,7
IDFdk5,BECv10,IDFdk5/101,0.000634058,SBSmc2/01,2085,7
IDFdk5,BECv10,IDFdk5/104,0.000634058,SBSmc2/01,2085,7
IDFdm1,BECv10,IDFdm1/01,0.000429319,SBSmc2/01,2085,7
IDFdm1,BECv10,IDFdm1/02,5.72E-05,SBSmc2/01,2085,7
IDFdm1,BECv10,IDFdm1/03,3.47E-05,SBSmc2/01,2085,7
IDFdm1,BECv10,IDFdm1/04,0.00010733,SBSmc2/01,2085,7
IDFdm1,BECv10,IDFdm1/05,0.000216828,SBSmc2/01,2085,7
IDFdm2,BECv10,IDFdm2/01,3.61E-05,SBSmc2/01,2085,7
IDFdm2,BECv10,IDFdm2/03,1.52E-05,SBSmc2/01,2085,7
IDFdm2,BECv10,IDFdm2/04,9.03E-06,SBSmc2/01,2085,7
IDFmw1,BECv10,IDFmw1/01,0.013342241,SBSmc2/01,2085,7
IDFmw1,BECv10,IDFmw1/03,0.004548491,SBSmc2/01,2085,7
IDFmw1,BECv10,IDFmw1/04,0.014295258,SBSmc2/01,2085,7
IDFmw2,BECv10,IDFmw2/01,0.002260437,SBSmc2/01,2085,7
IDFmw2,BECv10,IDFmw2/03,0.000616483,SBSmc2/01,2085,7
IDFmw2,BECv10,IDFmw2/04,0.000565109,SBSmc2/01,2085,7
IDFww,BECv10,IDFww/01,0.005489679,SBSmc2/01,2085,7
IDFww,BECv10,IDFww/04,0.00205863,SBSmc2/01,2085,7
IDFww1,BECv10,IDFww1/01,0.002151954,SBSmc2/01,2085,7
IDFww1,BECv10,IDFww1/04,0.000806983,SBSmc2/01,2085,7
IDFxc,BECv10,IDFxc/01,4.04E-05,SBSmc2/01,2085,7
IDFxc,BECv10,IDFxc/03,1.62E-06,SBSmc2/01,2085,7
IDFxc,BECv10,IDFxc/04,1.64E-05,SBSmc2/01,2085,7
IDFxc,BECv10,IDFxc/05,3.89E-05,SBSmc2/01,2085,7
IDFxc,BECv10,IDFxc/06,2.34E-05,SBSmc2/01,2085,7
IDFxh1,BECv10,IDFxh1/01,0.000690305,SBSmc2/01,2085,7
IDFxh1,BECv10,IDFxh1/04,0.000272713,SBSmc2/01,2085,7
IDFxh1,BECv10,IDFxh1/05,0.000690305,SBSmc2/01,2085,7
IDFxh1,BECv10,IDFxh1/06,0.000230102,SBSmc2/01,2085,7
IDFxh1,BECv10,IDFxh1/07,0.000230102,SBSmc2/01,2085,7
IDFxh4,BECv10,IDFxh4/01,3.94E-05,SBSmc2/01,2085,7
IDFxh4,BECv10,IDFxh4/04,1.56E-05,SBSmc2/01,2085,7
IDFxh4,BECv10,IDFxh4/05,3.94E-05,SBSmc2/01,2085,7
IDFxh4,BECv10,IDFxh4/06,1.31E-05,SBSmc2/01,2085,7
IDFxh4,BECv10,IDFxh4/07,1.31E-05,SBSmc2/01,2085,7
IDFxm,BECv10,IDFxm/01,2.33E-05,SBSmc2/01,2085,7
IDFxm,BECv10,IDFxm/03,9.72E-07,SBSmc2/01,2085,7
IDFxm,BECv10,IDFxm/04,5.83E-06,SBSmc2/01,2085,7
IDFxm,BECv10,IDFxm/05,2.33E-05,SBSmc2/01,2085,7
IDFxm,BECv10,IDFxm/Gg,6.91E-06,SBSmc2/01,2085,7
MSdk1,BECv10,MSdk1/01,2.37E-05,SBSmc2/01,2085,7
MSdk1,BECv10,MSdk1/03,2.92E-06,SBSmc2/01,2085,7
MSdk1,BECv10,MSdk1/04,3.38E-05,SBSmc2/01,2085,7
MSdk2,BECv10,MSdk2/01,7.10E-05,SBSmc2/01,2085,7
MSdk2,BECv10,MSdk2/03,8.76E-06,SBSmc2/01,2085,7
MSdk2,BECv10,MSdk2/04,0.000101409,SBSmc2/01,2085,7
MSdm2,BECv10,MSdm2/01,5.35E-05,SBSmc2/01,2085,7
MSdm2,BECv10,MSdm2/03,2.51E-05,SBSmc2/01,2085,7
MSdm2,BECv10,MSdm2/04,0.000133728,SBSmc2/01,2085,7
MSdm2,BECv10,MSdm2/05,2.51E-05,SBSmc2/01,2085,7
MSdm2,BECv10,MSdm2/06,4.18E-06,SBSmc2/01,2085,7
PPdh2,BECv10,PPdh2/01,4.83E-05,SBSmc2/01,2085,7
PPdh2,BECv10,PPdh2/03,1.21E-05,SBSmc2/01,2085,7
PPxh2,BECv10,PPxh2/01,0.000673001,SBSmc2/01,2085,7
PPxh2,BECv10,PPxh2/03,0.000519291,SBSmc2/01,2085,7
PPxh2,BECv10,PPxh2/04,3.74E-05,SBSmc2/01,2085,7
PPxh2,BECv10,PPxh2/05,3.74E-05,SBSmc2/01,2085,7
PPxh2,BECv10,PPxh2/06,0.00012463,SBSmc2/01,2085,7
PPxh2,BECv10,PPxh2/Gg,0.000359509,SBSmc2/01,2085,7
SBSdh1,BECv10,SBSdh1/01,0.000199703,SBSmc2/01,2085,7
SBSdh1,BECv10,SBSdh1/04,3.33E-05,SBSmc2/01,2085,7
SBSdh1,BECv10,SBSdh1/05,1.90E-05,SBSmc2/01,2085,7
SBSdh1,BECv10,SBSdh1/06,4.99E-05,SBSmc2/01,2085,7
SBSdk,BECv10,SBSdk/01,0.001059113,SBSmc2/01,2085,7
SBSdk,BECv10,SBSdk/04,0.000110324,SBSmc2/01,2085,7
SBSdk,BECv10,SBSdk/05,0.000330973,SBSmc2/01,2085,7
SBSdk,BECv10,SBSdk/06,8.27E-05,SBSmc2/01,2085,7
SBSdk,BECv10,SBSdk/Gg,4.73E-05,SBSmc2/01,2085,7
SBSdw3,BECv10,SBSdw3/01,0.000236295,SBSmc2/01,2085,7
SBSdw3,BECv10,SBSdw3/04,0.000236295,SBSmc2/01,2085,7
SBSdw3,BECv10,SBSdw3/05,5.25E-05,SBSmc2/01,2085,7
SBSdw3,BECv10,SBSdw3/06,7.88E-05,SBSmc2/01,2085,7
SBSmc2,BECv10,SBSmc2/01,0.000628601,SBSmc2/01,2085,7
SBSmc2,BECv10,SBSmc2/04,3.49E-05,SBSmc2/01,2085,7
SBSmc2,BECv10,SBSmc2/05,3.49E-05,SBSmc2/01,2085,7
SBSmc2,BECv10,SBSmc2/06,2.62E-05,SBSmc2/01,2085,7
SBSmh,BECv10,SBSmh/01,0.000296635,SBSmc2/01,2085,7
SBSmh,BECv10,SBSmh/04,0.000355962,SBSmc2/01,2085,7
SBSmh,BECv10,SBSmh/05,0.000988784,SBSmc2/01,2085,7
SBSmh,BECv10,SBSmh/06,4.94E-05,SBSmc2/01,2085,7
SBSmw,BECv10,SBSmw/01,0.001060445,SBSmc2/01,2085,7
SBSmw,BECv10,SBSmw/03,2.95E-05,SBSmc2/01,2085,7
SBSmw,BECv10,SBSmw/04,0.000117827,SBSmc2/01,2085,7
SBSun,BECv10,SBSun/00,0.000181159,SBSmc2/01,2085,7
SBSvk,BECv10,SBSvk/01,2.23E-05,SBSmc2/01,2085,7
SBSvk,BECv10,SBSvk/03,9.52E-06,SBSmc2/01,2085,7
SBSvk,BECv10,SBSvk/04,2.14E-05,SBSmc2/01,2085,7
SBSvk,BECv10,SBSvk/05,7.14E-06,SBSmc2/01,2085,7
SBSwk1,BECv10,SBSwk1/01,0.000926948,SBSmc2/01,2085,7
SBSwk1,BECv10,SBSwk1/03,7.36E-05,SBSmc2/01,2085,7
SBSwk1,BECv10,SBSwk1/04,0.000772456,SBSmc2/01,2085,7
SBSwk1,BECv10,SBSwk1/05,0.002574855,SBSmc2/01,2085,7
